3gram,frequency
"('get_failing_tests_covered_classes_pass', 'get_failing_tests_covered_methods_for_class_pass', 'get_code_snippet_pass')",125
"('get_code_snippet_fail', 'get_code_snippet_fail', 'get_code_snippet_fail')",94
"('get_failing_tests_covered_classes_pass', 'get_failing_tests_covered_methods_for_class_fail', 'get_code_snippet_pass')",73
"('get_failing_tests_covered_classes_pass', 'get_code_snippet_pass', 'get_comments_pass')",62
"('get_failing_tests_covered_classes_pass', 'get_code_snippet_fail', 'get_code_snippet_fail')",57
"('get_failing_tests_covered_classes_pass', 'get_failing_tests_covered_methods_for_class_fail', 'get_failing_tests_covered_methods_for_class_fail')",33
"('get_failing_tests_covered_classes_pass', 'get_failing_tests_covered_methods_for_class_pass', 'get_code_snippet_fail')",33
"('get_failing_tests_covered_classes_pass', 'get_code_snippet_pass', 'get_code_snippet_pass')",31
"('get_failing_tests_covered_methods_for_class_fail', 'get_failing_tests_covered_methods_for_class_fail', 'get_code_snippet_pass')",27
"('get_failing_tests_covered_methods_for_class_pass', 'get_code_snippet_fail', 'get_code_snippet_fail')",27
"('get_failing_tests_covered_classes_pass', 'get_code_snippet_fail', 'get_code_snippet_pass')",24
"('get_failing_tests_covered_methods_for_class_fail', 'get_failing_tests_covered_methods_for_class_fail', 'get_failing_tests_covered_methods_for_class_fail')",22
"('get_code_snippet_fail', 'get_code_snippet_fail', 'get_code_snippet_pass')",19
"('get_code_snippet_fail', 'get_code_snippet_fail', 'get_comments_fail')",18
"('get_failing_tests_covered_methods_for_class_fail', 'get_code_snippet_pass', 'get_code_snippet_pass')",15
"('get_failing_tests_covered_methods_for_class_fail', 'get_code_snippet_pass', 'get_code_snippet_fail')",13
"('get_failing_tests_covered_classes_pass', 'get_failing_tests_covered_methods_for_class_fail', 'get_code_snippet_fail')",12
"('get_failing_tests_covered_methods_for_class_pass', 'get_code_snippet_pass', 'get_comments_pass')",12
"('get_failing_tests_covered_methods_for_class_fail', 'get_code_snippet_pass', 'get_comments_pass')",11
"('get_code_snippet_fail', 'get_code_snippet_fail', 'get_failing_tests_covered_methods_for_class_pass')",11
"('get_failing_tests_covered_methods_for_class_fail', 'get_code_snippet_fail', 'get_code_snippet_fail')",10
"('get_failing_tests_covered_classes_pass', 'get_code_snippet_pass', 'get_code_snippet_fail')",10
"('get_failing_tests_covered_classes_pass', 'get_code_snippet_fail', 'get_failing_tests_covered_methods_for_class_fail')",9
"('get_code_snippet_fail', 'get_comments_fail', 'get_code_snippet_fail')",9
"('get_code_snippet_pass', 'get_code_snippet_fail', 'get_code_snippet_fail')",9
"('get_failing_tests_covered_classes_pass', 'get_failing_tests_covered_classes_pass', 'get_code_snippet_pass')",8
"('get_failing_tests_covered_methods_for_class_pass', 'get_code_snippet_pass', 'get_code_snippet_pass')",8
"('get_code_snippet_fail', 'get_code_snippet_fail', 'get_comments_pass')",8
"('get_failing_tests_covered_classes_pass', 'get_code_snippet_fail', 'get_failing_tests_covered_methods_for_class_pass')",7
"('get_code_snippet_fail', 'get_failing_tests_covered_methods_for_class_fail', 'get_code_snippet_fail')",6
"('get_failing_tests_covered_classes_pass', 'get_code_snippet_fail', 'get_comments_fail')",6
"('get_code_snippet_pass', 'get_comments_pass', 'get_code_snippet_pass')",5
"('get_comments_fail', 'get_code_snippet_fail', 'get_code_snippet_fail')",5
"('get_failing_tests_covered_classes_pass', 'get_code_snippet_pass', 'get_comments_fail')",5
"('get_code_snippet_pass', 'get_code_snippet_fail', 'get_comments_pass')",5
"('get_code_snippet_fail', 'get_failing_tests_covered_methods_for_class_pass', 'get_code_snippet_fail')",5
"('get_code_snippet_pass', 'get_code_snippet_pass', 'get_code_snippet_fail')",4
"('get_code_snippet_fail', 'get_code_snippet_pass', 'get_comments_pass')",4
"('get_code_snippet_fail', 'get_failing_tests_covered_methods_for_class_fail', 'get_code_snippet_pass')",4
"('get_failing_tests_covered_methods_for_class_pass', 'get_code_snippet_fail', 'get_code_snippet_pass')",4
"('get_code_snippet_pass', 'get_code_snippet_fail', 'get_code_snippet_pass')",3
"('get_failing_tests_covered_classes_pass', 'get_failing_tests_covered_classes_pass', 'get_failing_tests_covered_methods_for_class_fail')",3
"('get_failing_tests_covered_methods_for_class_fail', 'get_failing_tests_covered_methods_for_class_fail', 'get_code_snippet_fail')",3
"('get_failing_tests_covered_classes_pass', 'get_failing_tests_covered_classes_pass', 'get_code_snippet_fail')",3
"('get_failing_tests_covered_classes_pass', 'get_failing_tests_covered_classes_pass', 'get_failing_tests_covered_methods_for_class_pass')",3
"('get_failing_tests_covered_classes_pass', 'get_code_snippet_pass', 'get_failing_tests_covered_methods_for_class_pass')",3
"('get_code_snippet_fail', 'get_code_snippet_pass', 'get_code_snippet_fail')",3
"('get_code_snippet_fail', 'get_comments_pass', 'get_code_snippet_fail')",3
"('get_failing_tests_covered_classes_pass', 'get_code_snippet_fail', 'get_comments_pass')",3
"('get_code_snippet_fail', 'get_comments_fail', 'get_code_snippet_pass')",3
"('get_code_snippet_pass', 'get_code_snippet_pass', 'get_comments_pass')",2
"('get_failing_tests_covered_methods_for_class_fail', 'get_code_snippet_fail', 'get_comments_fail')",2
"('get_code_snippet_fail', 'get_comments_fail', 'get_failing_tests_covered_methods_for_class_pass')",2
"('get_code_snippet_fail', 'get_failing_tests_covered_methods_for_class_pass', 'get_code_snippet_pass')",2
"('get_code_snippet_pass', 'get_code_snippet_fail', 'get_comments_fail')",2
"('get_code_snippet_pass', 'get_comments_pass', 'get_code_snippet_fail')",2
"('get_comments_pass', 'get_code_snippet_fail', 'get_code_snippet_pass')",2
"('get_code_snippet_pass', 'get_code_snippet_pass', 'get_code_snippet_pass')",2
"('get_code_snippet_fail', 'get_code_snippet_pass', 'get_code_snippet_pass')",2
"('get_failing_tests_covered_methods_for_class_pass', 'get_code_snippet_pass', 'get_failing_tests_covered_methods_for_class_pass')",2
"('get_code_snippet_fail', 'get_code_snippet_fail', 'get_failing_tests_covered_methods_for_class_fail')",2
"('get_failing_tests_covered_methods_for_class_pass', 'get_code_snippet_pass', 'get_code_snippet_fail')",1
"('get_code_snippet_fail', 'get_failing_tests_covered_methods_for_class_pass', 'get_failing_tests_covered_methods_for_class_fail')",1
"('get_code_snippet_pass', 'get_code_snippet_fail', 'get_failing_tests_covered_methods_for_class_pass')",1
"('get_code_snippet_pass', 'get_comments_fail', 'get_comments_fail')",1
"('get_comments_fail', 'get_comments_fail', 'get_comments_pass')",1
"('get_failing_tests_covered_methods_for_class_pass', 'get_code_snippet_pass', 'get_failing_tests_covered_methods_for_class_fail')",1
"('get_code_snippet_pass', 'get_failing_tests_covered_methods_for_class_fail', 'get_code_snippet_pass')",1
"('get_failing_tests_covered_methods_for_class_fail', 'get_code_snippet_pass', 'get_comments_fail')",1
"('get_failing_tests_covered_classes_pass', 'get_code_snippet_fail', 'get_failing_tests_covered_classes_pass')",1
"('get_comments_fail', 'get_code_snippet_fail', 'get_code_snippet_pass')",1
"('get_comments_fail', 'get_code_snippet_fail', 'get_failing_tests_covered_methods_for_class_pass')",1
"('get_failing_tests_covered_classes_pass', 'get_failing_tests_covered_methods_for_class_pass', 'get_failing_tests_covered_methods_for_class_pass')",1
"('get_failing_tests_covered_methods_for_class_pass', 'get_failing_tests_covered_methods_for_class_pass', 'get_code_snippet_pass')",1
"('get_failing_tests_covered_classes_pass', 'get_comments_fail', 'get_code_snippet_fail')",1
"('get_comments_fail', 'get_failing_tests_covered_methods_for_class_pass', 'get_code_snippet_pass')",1
"('get_failing_tests_covered_methods_for_class_pass', 'get_code_snippet_fail', 'get_failing_tests_covered_methods_for_class_fail')",1
"('get_failing_tests_covered_methods_for_class_fail', 'get_code_snippet_pass', 'get_failing_tests_covered_classes_pass')",1
"('get_code_snippet_fail', 'get_comments_fail', 'get_comments_fail')",1
"('get_failing_tests_covered_methods_for_class_fail', 'get_code_snippet_fail', 'get_code_snippet_pass')",1
"('get_comments_fail', 'get_code_snippet_pass', 'get_code_snippet_fail')",1
"('get_failing_tests_covered_methods_for_class_fail', 'get_code_snippet_fail', 'get_failing_tests_covered_methods_for_class_fail')",1
"('get_code_snippet_fail', 'get_failing_tests_covered_methods_for_class_fail', 'get_comments_fail')",1
"('get_failing_tests_covered_methods_for_class_fail', 'get_comments_fail', 'get_code_snippet_fail')",1
