4gram,frequency
"('get_code_snippet_fail', 'get_code_snippet_fail', 'get_code_snippet_fail', 'get_code_snippet_fail')",88
"('get_failing_tests_covered_classes_pass', 'get_code_snippet_fail', 'get_code_snippet_fail', 'get_code_snippet_fail')",60
"('get_failing_tests_covered_classes_pass', 'get_failing_tests_covered_methods_for_class_pass', 'get_code_snippet_fail', 'get_code_snippet_fail')",46
"('get_failing_tests_covered_classes_pass', 'get_failing_tests_covered_methods_for_class_pass', 'get_code_snippet_pass', 'get_comments_pass')",43
"('get_failing_tests_covered_methods_for_class_pass', 'get_code_snippet_fail', 'get_code_snippet_fail', 'get_code_snippet_fail')",34
"('get_code_snippet_fail', 'get_code_snippet_fail', 'get_code_snippet_fail', 'get_code_snippet_pass')",22
"('get_failing_tests_covered_classes_pass', 'get_failing_tests_covered_methods_for_class_fail', 'get_failing_tests_covered_methods_for_class_fail', 'get_code_snippet_pass')",17
"('get_failing_tests_covered_classes_pass', 'get_code_snippet_fail', 'get_code_snippet_fail', 'get_comments_fail')",17
"('get_failing_tests_covered_classes_pass', 'get_failing_tests_covered_methods_for_class_fail', 'get_failing_tests_covered_methods_for_class_fail', 'get_failing_tests_covered_methods_for_class_fail')",15
"('get_code_snippet_fail', 'get_code_snippet_fail', 'get_comments_fail', 'get_code_snippet_fail')",15
"('get_code_snippet_fail', 'get_code_snippet_fail', 'get_code_snippet_fail', 'get_failing_tests_covered_methods_for_class_pass')",15
"('get_code_snippet_fail', 'get_comments_fail', 'get_code_snippet_fail', 'get_code_snippet_fail')",14
"('get_failing_tests_covered_classes_pass', 'get_failing_tests_covered_methods_for_class_fail', 'get_code_snippet_pass', 'get_comments_pass')",13
"('get_failing_tests_covered_methods_for_class_fail', 'get_failing_tests_covered_methods_for_class_fail', 'get_failing_tests_covered_methods_for_class_fail', 'get_code_snippet_pass')",12
"('get_code_snippet_fail', 'get_code_snippet_fail', 'get_code_snippet_fail', 'get_comments_fail')",11
"('get_failing_tests_covered_classes_pass', 'get_failing_tests_covered_methods_for_class_pass', 'get_code_snippet_pass', 'get_code_snippet_pass')",11
"('get_failing_tests_covered_methods_for_class_fail', 'get_failing_tests_covered_methods_for_class_fail', 'get_code_snippet_pass', 'get_code_snippet_pass')",10
"('get_failing_tests_covered_classes_pass', 'get_failing_tests_covered_methods_for_class_pass', 'get_code_snippet_fail', 'get_code_snippet_pass')",10
"('get_failing_tests_covered_classes_pass', 'get_failing_tests_covered_methods_for_class_fail', 'get_code_snippet_pass', 'get_code_snippet_fail')",10
"('get_failing_tests_covered_classes_pass', 'get_failing_tests_covered_methods_for_class_fail', 'get_code_snippet_pass', 'get_code_snippet_pass')",9
"('get_failing_tests_covered_methods_for_class_fail', 'get_failing_tests_covered_methods_for_class_fail', 'get_failing_tests_covered_methods_for_class_fail', 'get_failing_tests_covered_methods_for_class_fail')",9
"('get_failing_tests_covered_methods_for_class_pass', 'get_code_snippet_fail', 'get_code_snippet_fail', 'get_comments_fail')",9
"('get_failing_tests_covered_classes_pass', 'get_code_snippet_pass', 'get_comments_pass', 'get_code_snippet_pass')",8
"('get_failing_tests_covered_classes_pass', 'get_code_snippet_fail', 'get_code_snippet_fail', 'get_failing_tests_covered_methods_for_class_pass')",8
"('get_code_snippet_fail', 'get_code_snippet_fail', 'get_code_snippet_fail', 'get_comments_pass')",8
"('get_failing_tests_covered_classes_pass', 'get_code_snippet_pass', 'get_code_snippet_fail', 'get_code_snippet_fail')",7
"('get_failing_tests_covered_classes_pass', 'get_failing_tests_covered_methods_for_class_fail', 'get_code_snippet_fail', 'get_code_snippet_fail')",7
"('get_code_snippet_pass', 'get_code_snippet_fail', 'get_code_snippet_fail', 'get_code_snippet_fail')",7
"('get_code_snippet_fail', 'get_code_snippet_fail', 'get_failing_tests_covered_methods_for_class_pass', 'get_code_snippet_fail')",7
"('get_failing_tests_covered_classes_pass', 'get_code_snippet_fail', 'get_comments_fail', 'get_code_snippet_fail')",6
"('get_comments_fail', 'get_code_snippet_fail', 'get_code_snippet_fail', 'get_code_snippet_fail')",6
"('get_failing_tests_covered_classes_pass', 'get_failing_tests_covered_methods_for_class_pass', 'get_code_snippet_fail', 'get_comments_fail')",6
"('get_failing_tests_covered_classes_pass', 'get_code_snippet_fail', 'get_code_snippet_fail', 'get_code_snippet_pass')",5
"('get_failing_tests_covered_methods_for_class_pass', 'get_code_snippet_fail', 'get_comments_fail', 'get_code_snippet_fail')",5
"('get_failing_tests_covered_classes_pass', 'get_code_snippet_fail', 'get_failing_tests_covered_methods_for_class_fail', 'get_code_snippet_fail')",4
"('get_failing_tests_covered_classes_pass', 'get_code_snippet_pass', 'get_code_snippet_pass', 'get_comments_pass')",4
"('get_failing_tests_covered_classes_pass', 'get_code_snippet_pass', 'get_code_snippet_fail', 'get_comments_fail')",4
"('get_code_snippet_fail', 'get_comments_fail', 'get_code_snippet_fail', 'get_code_snippet_pass')",4
"('get_code_snippet_fail', 'get_code_snippet_fail', 'get_comments_fail', 'get_code_snippet_pass')",4
"('get_failing_tests_covered_classes_pass', 'get_code_snippet_fail', 'get_code_snippet_pass', 'get_comments_pass')",4
"('get_failing_tests_covered_classes_pass', 'get_code_snippet_fail', 'get_failing_tests_covered_methods_for_class_fail', 'get_code_snippet_pass')",4
"('get_failing_tests_covered_methods_for_class_fail', 'get_code_snippet_pass', 'get_code_snippet_fail', 'get_code_snippet_fail')",4
"('get_failing_tests_covered_classes_pass', 'get_code_snippet_fail', 'get_code_snippet_fail', 'get_comments_pass')",4
"('get_failing_tests_covered_classes_pass', 'get_code_snippet_pass', 'get_code_snippet_pass', 'get_code_snippet_fail')",3
"('get_failing_tests_covered_classes_pass', 'get_code_snippet_fail', 'get_comments_fail', 'get_code_snippet_pass')",3
"('get_failing_tests_covered_classes_pass', 'get_code_snippet_fail', 'get_comments_fail', 'get_failing_tests_covered_methods_for_class_pass')",3
"('get_failing_tests_covered_classes_pass', 'get_code_snippet_fail', 'get_failing_tests_covered_methods_for_class_pass', 'get_code_snippet_pass')",3
"('get_code_snippet_fail', 'get_code_snippet_fail', 'get_code_snippet_pass', 'get_code_snippet_fail')",3
"('get_failing_tests_covered_methods_for_class_fail', 'get_code_snippet_pass', 'get_code_snippet_fail', 'get_comments_pass')",3
"('get_failing_tests_covered_classes_pass', 'get_failing_tests_covered_classes_pass', 'get_code_snippet_pass', 'get_comments_pass')",3
"('get_failing_tests_covered_methods_for_class_fail', 'get_code_snippet_fail', 'get_code_snippet_fail', 'get_code_snippet_fail')",3
"('get_code_snippet_fail', 'get_failing_tests_covered_methods_for_class_pass', 'get_code_snippet_fail', 'get_code_snippet_fail')",3
"('get_code_snippet_fail', 'get_code_snippet_fail', 'get_failing_tests_covered_methods_for_class_pass', 'get_code_snippet_pass')",3
"('get_failing_tests_covered_classes_pass', 'get_failing_tests_covered_methods_for_class_pass', 'get_code_snippet_pass', 'get_code_snippet_fail')",2
"('get_failing_tests_covered_methods_for_class_fail', 'get_code_snippet_pass', 'get_comments_pass', 'get_code_snippet_pass')",2
"('get_failing_tests_covered_methods_for_class_fail', 'get_failing_tests_covered_methods_for_class_fail', 'get_failing_tests_covered_methods_for_class_fail', 'get_code_snippet_fail')",2
"('get_failing_tests_covered_methods_for_class_fail', 'get_failing_tests_covered_methods_for_class_fail', 'get_code_snippet_fail', 'get_code_snippet_fail')",2
"('get_failing_tests_covered_classes_pass', 'get_failing_tests_covered_classes_pass', 'get_code_snippet_fail', 'get_code_snippet_pass')",2
"('get_comments_fail', 'get_code_snippet_fail', 'get_code_snippet_fail', 'get_failing_tests_covered_methods_for_class_pass')",2
"('get_code_snippet_pass', 'get_code_snippet_fail', 'get_comments_fail', 'get_code_snippet_fail')",2
"('get_code_snippet_fail', 'get_code_snippet_fail', 'get_code_snippet_pass', 'get_comments_fail')",2
"('get_code_snippet_fail', 'get_comments_fail', 'get_code_snippet_fail', 'get_failing_tests_covered_methods_for_class_pass')",2
"('get_failing_tests_covered_classes_pass', 'get_code_snippet_pass', 'get_comments_fail', 'get_comments_fail')",2
"('get_failing_tests_covered_classes_pass', 'get_failing_tests_covered_classes_pass', 'get_failing_tests_covered_methods_for_class_pass', 'get_code_snippet_pass')",2
"('get_failing_tests_covered_classes_pass', 'get_code_snippet_fail', 'get_code_snippet_pass', 'get_code_snippet_fail')",2
"('get_failing_tests_covered_classes_pass', 'get_code_snippet_pass', 'get_code_snippet_fail', 'get_code_snippet_pass')",2
"('get_failing_tests_covered_classes_pass', 'get_failing_tests_covered_methods_for_class_pass', 'get_failing_tests_covered_methods_for_class_pass', 'get_code_snippet_pass')",2
"('get_failing_tests_covered_classes_pass', 'get_failing_tests_covered_classes_pass', 'get_code_snippet_pass', 'get_code_snippet_pass')",2
"('get_failing_tests_covered_classes_pass', 'get_failing_tests_covered_methods_for_class_pass', 'get_code_snippet_fail', 'get_comments_pass')",2
"('get_code_snippet_pass', 'get_comments_pass', 'get_code_snippet_fail', 'get_code_snippet_pass')",2
"('get_failing_tests_covered_classes_pass', 'get_failing_tests_covered_methods_for_class_fail', 'get_code_snippet_fail', 'get_code_snippet_pass')",2
"('get_failing_tests_covered_classes_pass', 'get_code_snippet_pass', 'get_code_snippet_pass', 'get_code_snippet_pass')",2
"('get_failing_tests_covered_classes_pass', 'get_code_snippet_fail', 'get_comments_pass', 'get_code_snippet_fail')",2
"('get_code_snippet_fail', 'get_failing_tests_covered_methods_for_class_fail', 'get_code_snippet_pass', 'get_code_snippet_fail')",2
"('get_failing_tests_covered_classes_pass', 'get_code_snippet_fail', 'get_failing_tests_covered_methods_for_class_pass', 'get_code_snippet_fail')",2
"('get_failing_tests_covered_classes_pass', 'get_code_snippet_fail', 'get_code_snippet_pass', 'get_code_snippet_pass')",2
"('get_failing_tests_covered_classes_pass', 'get_failing_tests_covered_methods_for_class_pass', 'get_code_snippet_pass', 'get_failing_tests_covered_methods_for_class_pass')",2
"('get_failing_tests_covered_classes_pass', 'get_code_snippet_pass', 'get_code_snippet_fail', 'get_comments_pass')",2
"('get_failing_tests_covered_methods_for_class_pass', 'get_code_snippet_pass', 'get_comments_pass', 'get_code_snippet_pass')",2
"('get_failing_tests_covered_methods_for_class_pass', 'get_code_snippet_fail', 'get_code_snippet_pass', 'get_comments_pass')",2
"('get_code_snippet_fail', 'get_code_snippet_fail', 'get_failing_tests_covered_methods_for_class_fail', 'get_code_snippet_fail')",2
"('get_failing_tests_covered_methods_for_class_pass', 'get_code_snippet_pass', 'get_code_snippet_fail', 'get_code_snippet_pass')",1
"('get_failing_tests_covered_classes_pass', 'get_failing_tests_covered_classes_pass', 'get_failing_tests_covered_methods_for_class_fail', 'get_code_snippet_pass')",1
"('get_failing_tests_covered_classes_pass', 'get_code_snippet_fail', 'get_failing_tests_covered_methods_for_class_pass', 'get_failing_tests_covered_methods_for_class_fail')",1
"('get_code_snippet_pass', 'get_code_snippet_fail', 'get_code_snippet_fail', 'get_code_snippet_pass')",1
"('get_failing_tests_covered_methods_for_class_fail', 'get_code_snippet_fail', 'get_code_snippet_fail', 'get_code_snippet_pass')",1
"('get_code_snippet_pass', 'get_code_snippet_pass', 'get_code_snippet_fail', 'get_failing_tests_covered_methods_for_class_pass')",1
"('get_failing_tests_covered_classes_pass', 'get_failing_tests_covered_methods_for_class_fail', 'get_code_snippet_fail', 'get_comments_fail')",1
"('get_failing_tests_covered_classes_pass', 'get_failing_tests_covered_classes_pass', 'get_code_snippet_pass', 'get_comments_fail')",1
"('get_failing_tests_covered_classes_pass', 'get_comments_fail', 'get_code_snippet_fail', 'get_comments_fail')",1
"('get_comments_fail', 'get_code_snippet_fail', 'get_comments_fail', 'get_code_snippet_fail')",1
"('get_code_snippet_pass', 'get_comments_fail', 'get_comments_fail', 'get_code_snippet_fail')",1
"('get_code_snippet_pass', 'get_comments_fail', 'get_comments_fail', 'get_comments_pass')",1
"('get_failing_tests_covered_classes_pass', 'get_failing_tests_covered_methods_for_class_pass', 'get_code_snippet_pass', 'get_failing_tests_covered_methods_for_class_fail')",1
"('get_failing_tests_covered_methods_for_class_pass', 'get_code_snippet_pass', 'get_failing_tests_covered_methods_for_class_fail', 'get_code_snippet_pass')",1
"('get_failing_tests_covered_classes_pass', 'get_failing_tests_covered_methods_for_class_fail', 'get_code_snippet_pass', 'get_comments_fail')",1
"('get_code_snippet_fail', 'get_code_snippet_pass', 'get_code_snippet_fail', 'get_code_snippet_fail')",1
"('get_failing_tests_covered_classes_pass', 'get_code_snippet_pass', 'get_comments_fail', 'get_code_snippet_fail')",1
"('get_code_snippet_pass', 'get_comments_fail', 'get_code_snippet_fail', 'get_code_snippet_fail')",1
"('get_failing_tests_covered_classes_pass', 'get_failing_tests_covered_methods_for_class_pass', 'get_comments_fail', 'get_comments_fail')",1
"('get_failing_tests_covered_methods_for_class_pass', 'get_comments_fail', 'get_comments_fail', 'get_comments_fail')",1
"('get_comments_fail', 'get_comments_fail', 'get_comments_fail', 'get_code_snippet_fail')",1
"('get_comments_fail', 'get_comments_fail', 'get_code_snippet_fail', 'get_code_snippet_fail')",1
"('get_failing_tests_covered_methods_for_class_pass', 'get_code_snippet_fail', 'get_code_snippet_fail', 'get_code_snippet_pass')",1
"('get_code_snippet_fail', 'get_failing_tests_covered_methods_for_class_fail', 'get_code_snippet_fail', 'get_comments_fail')",1
"('get_failing_tests_covered_classes_pass', 'get_code_snippet_fail', 'get_comments_pass', 'get_comments_fail')",1
"('get_failing_tests_covered_classes_pass', 'get_code_snippet_pass', 'get_comments_fail', 'get_code_snippet_pass')",1
"('get_failing_tests_covered_classes_pass', 'get_code_snippet_fail', 'get_failing_tests_covered_methods_for_class_fail', 'get_comments_pass')",1
"('get_code_snippet_fail', 'get_code_snippet_fail', 'get_comments_fail', 'get_failing_tests_covered_methods_for_class_pass')",1
"('get_code_snippet_fail', 'get_failing_tests_covered_methods_for_class_pass', 'get_code_snippet_pass', 'get_code_snippet_pass')",1
"('get_failing_tests_covered_classes_pass', 'get_comments_fail', 'get_code_snippet_fail', 'get_code_snippet_fail')",1
"('get_comments_fail', 'get_code_snippet_fail', 'get_code_snippet_fail', 'get_code_snippet_pass')",1
"('get_failing_tests_covered_classes_pass', 'get_failing_tests_covered_methods_for_class_fail', 'get_failing_tests_covered_methods_for_class_fail', 'get_code_snippet_fail')",1
"('get_code_snippet_fail', 'get_comments_fail', 'get_failing_tests_covered_methods_for_class_pass', 'get_code_snippet_pass')",1
"('get_code_snippet_pass', 'get_code_snippet_pass', 'get_code_snippet_fail', 'get_code_snippet_fail')",1
"('get_failing_tests_covered_classes_pass', 'get_failing_tests_covered_methods_for_class_pass', 'get_code_snippet_fail', 'get_failing_tests_covered_methods_for_class_fail')",1
"('get_failing_tests_covered_classes_pass', 'get_failing_tests_covered_methods_for_class_fail', 'get_code_snippet_pass', 'get_failing_tests_covered_classes_pass')",1
"('get_failing_tests_covered_classes_pass', 'get_failing_tests_covered_classes_pass', 'get_code_snippet_fail', 'get_failing_tests_covered_methods_for_class_fail')",1
"('get_code_snippet_fail', 'get_code_snippet_fail', 'get_comments_pass', 'get_code_snippet_fail')",1
"('get_code_snippet_fail', 'get_code_snippet_fail', 'get_comments_fail', 'get_comments_fail')",1
"('get_failing_tests_covered_methods_for_class_pass', 'get_code_snippet_pass', 'get_comments_pass', 'get_code_snippet_fail')",1
"('get_failing_tests_covered_methods_for_class_fail', 'get_code_snippet_fail', 'get_code_snippet_pass', 'get_code_snippet_pass')",1
"('get_failing_tests_covered_classes_pass', 'get_code_snippet_pass', 'get_comments_pass', 'get_code_snippet_fail')",1
"('get_failing_tests_covered_methods_for_class_fail', 'get_code_snippet_pass', 'get_code_snippet_pass', 'get_code_snippet_fail')",1
"('get_code_snippet_fail', 'get_failing_tests_covered_methods_for_class_pass', 'get_code_snippet_fail', 'get_code_snippet_pass')",1
"('get_failing_tests_covered_methods_for_class_fail', 'get_failing_tests_covered_methods_for_class_fail', 'get_code_snippet_pass', 'get_code_snippet_fail')",1
"('get_failing_tests_covered_classes_pass', 'get_failing_tests_covered_methods_for_class_pass', 'get_comments_pass', 'get_code_snippet_pass')",1
"('get_failing_tests_covered_methods_for_class_pass', 'get_code_snippet_pass', 'get_code_snippet_pass', 'get_code_snippet_pass')",1
"('get_failing_tests_covered_methods_for_class_fail', 'get_code_snippet_fail', 'get_code_snippet_pass', 'get_comments_pass')",1
"('get_code_snippet_fail', 'get_code_snippet_pass', 'get_comments_pass', 'get_code_snippet_fail')",1
"('get_failing_tests_covered_classes_pass', 'get_failing_tests_covered_classes_pass', 'get_failing_tests_covered_methods_for_class_fail', 'get_failing_tests_covered_methods_for_class_fail')",1
"('get_code_snippet_fail', 'get_comments_fail', 'get_code_snippet_fail', 'get_failing_tests_covered_methods_for_class_fail')",1
"('get_code_snippet_fail', 'get_comments_pass', 'get_code_snippet_fail', 'get_code_snippet_pass')",1
"('get_comments_pass', 'get_code_snippet_fail', 'get_code_snippet_pass', 'get_code_snippet_pass')",1
"('get_code_snippet_fail', 'get_comments_fail', 'get_code_snippet_pass', 'get_code_snippet_fail')",1
"('get_failing_tests_covered_methods_for_class_pass', 'get_code_snippet_fail', 'get_code_snippet_fail', 'get_failing_tests_covered_methods_for_class_fail')",1
"('get_code_snippet_fail', 'get_failing_tests_covered_methods_for_class_fail', 'get_code_snippet_fail', 'get_code_snippet_fail')",1
"('get_failing_tests_covered_methods_for_class_fail', 'get_code_snippet_fail', 'get_code_snippet_fail', 'get_failing_tests_covered_methods_for_class_fail')",1
"('get_code_snippet_fail', 'get_failing_tests_covered_methods_for_class_fail', 'get_code_snippet_fail', 'get_failing_tests_covered_methods_for_class_fail')",1
"('get_failing_tests_covered_methods_for_class_fail', 'get_code_snippet_fail', 'get_failing_tests_covered_methods_for_class_fail', 'get_comments_fail')",1
"('get_code_snippet_fail', 'get_failing_tests_covered_methods_for_class_fail', 'get_comments_fail', 'get_code_snippet_fail')",1
"('get_code_snippet_fail', 'get_code_snippet_fail', 'get_code_snippet_fail', 'get_failing_tests_covered_classes_pass')",1
