5gram,frequency
"('get_covered_packages', 'get_failing_tests_covered_methods_for_class', 'get_code_snippet', 'get_code_snippet', 'get_code_snippet')",56
"('get_covered_packages', 'get_failing_tests_covered_methods_for_class', 'get_code_snippet', 'get_failing_tests_covered_methods_for_class', 'get_code_snippet')",46
"('get_covered_packages', 'get_failing_tests_covered_methods_for_class', 'get_code_snippet', 'get_code_snippet', 'get_failing_tests_covered_methods_for_class')",25
"('get_covered_packages', 'get_failing_tests_covered_methods_for_class', 'get_failing_tests_covered_methods_for_class', 'get_code_snippet', 'get_code_snippet')",18
"('get_failing_tests_covered_methods_for_class', 'get_code_snippet', 'get_code_snippet', 'get_code_snippet', 'get_code_snippet')",16
"('get_covered_packages', 'get_failing_tests_covered_methods_for_class', 'get_failing_tests_covered_methods_for_class', 'get_failing_tests_covered_methods_for_class', 'get_code_snippet')",15
"('get_covered_packages', 'get_code_snippet', 'get_code_snippet', 'get_code_snippet', 'get_code_snippet')",13
"('get_failing_tests_covered_methods_for_class', 'get_code_snippet', 'get_failing_tests_covered_methods_for_class', 'get_code_snippet', 'get_failing_tests_covered_methods_for_class')",13
"('get_covered_packages', 'get_failing_tests_covered_methods_for_class', 'get_failing_tests_covered_methods_for_class', 'get_failing_tests_covered_methods_for_class', 'get_failing_tests_covered_methods_for_class')",10
"('get_covered_packages', 'get_failing_tests_covered_methods_for_class', 'get_code_snippet', 'get_failing_tests_covered_methods_for_class', 'get_failing_tests_covered_methods_for_class')",9
"('get_code_snippet', 'get_code_snippet', 'get_code_snippet', 'get_code_snippet', 'get_code_snippet')",6
"('get_failing_tests_covered_methods_for_class', 'get_failing_tests_covered_methods_for_class', 'get_code_snippet', 'get_code_snippet', 'get_failing_tests_covered_methods_for_class')",5
"('get_covered_packages', 'get_failing_tests_covered_methods_for_class', 'get_failing_tests_covered_methods_for_class', 'get_code_snippet', 'get_failing_tests_covered_methods_for_class')",5
"('get_failing_tests_covered_methods_for_class', 'get_code_snippet', 'get_code_snippet', 'get_failing_tests_covered_methods_for_class', 'get_failing_tests_covered_methods_for_class')",5
"('get_failing_tests_covered_methods_for_class', 'get_code_snippet', 'get_code_snippet', 'get_failing_tests_covered_methods_for_class', 'get_code_snippet')",5
"('get_failing_tests_covered_methods_for_class', 'get_failing_tests_covered_methods_for_class', 'get_failing_tests_covered_methods_for_class', 'get_failing_tests_covered_methods_for_class', 'get_failing_tests_covered_methods_for_class')",5
"('get_failing_tests_covered_methods_for_class', 'get_code_snippet', 'get_failing_tests_covered_methods_for_class', 'get_code_snippet', 'get_code_snippet')",4
"('get_covered_packages', 'get_code_snippet', 'get_failing_tests_covered_methods_for_class', 'get_code_snippet', 'get_failing_tests_covered_methods_for_class')",4
"('get_failing_tests_covered_methods_for_class', 'get_code_snippet', 'get_code_snippet', 'get_code_snippet', 'get_failing_tests_covered_methods_for_class')",4
"('get_code_snippet', 'get_failing_tests_covered_methods_for_class', 'get_code_snippet', 'get_failing_tests_covered_methods_for_class', 'get_code_snippet')",4
"('get_failing_tests_covered_methods_for_class', 'get_failing_tests_covered_methods_for_class', 'get_failing_tests_covered_methods_for_class', 'get_code_snippet', 'get_code_snippet')",4
"('get_failing_tests_covered_methods_for_class', 'get_failing_tests_covered_methods_for_class', 'get_code_snippet', 'get_code_snippet', 'get_code_snippet')",3
"('get_covered_packages', 'get_failing_tests_covered_classes', 'get_failing_tests_covered_classes', 'get_failing_tests_covered_classes', 'get_failing_tests_covered_classes')",3
"('get_covered_packages', 'get_failing_tests_covered_classes', 'get_failing_tests_covered_classes', 'get_failing_tests_covered_methods_for_class', 'get_code_snippet')",3
"('get_code_snippet', 'get_code_snippet', 'get_failing_tests_covered_methods_for_class', 'get_code_snippet', 'get_failing_tests_covered_methods_for_class')",3
"('get_code_snippet', 'get_failing_tests_covered_methods_for_class', 'get_code_snippet', 'get_code_snippet', 'get_code_snippet')",2
"('get_covered_packages', 'get_code_snippet', 'get_failing_tests_covered_methods_for_class', 'get_failing_tests_covered_methods_for_class', 'get_code_snippet')",2
"('get_failing_tests_covered_classes', 'get_failing_tests_covered_classes', 'get_failing_tests_covered_classes', 'get_failing_tests_covered_classes', 'get_failing_tests_covered_methods_for_class')",2
"('get_failing_tests_covered_methods_for_class', 'get_failing_tests_covered_methods_for_class', 'get_failing_tests_covered_methods_for_class', 'get_failing_tests_covered_methods_for_class', 'get_code_snippet')",2
"('get_covered_packages', 'get_covered_packages', 'get_covered_packages', 'get_failing_tests_covered_classes', 'get_failing_tests_covered_methods_for_class')",2
"('get_covered_packages', 'get_covered_packages', 'get_failing_tests_covered_classes', 'get_failing_tests_covered_methods_for_class', 'get_code_snippet')",2
"('get_covered_packages', 'get_failing_tests_covered_classes', 'get_failing_tests_covered_methods_for_class', 'get_code_snippet', 'get_code_snippet')",2
"('get_code_snippet', 'get_code_snippet', 'get_failing_tests_covered_methods_for_class', 'get_failing_tests_covered_methods_for_class', 'get_code_snippet')",2
"('get_failing_tests_covered_methods_for_class', 'get_failing_tests_covered_methods_for_class', 'get_code_snippet', 'get_failing_tests_covered_methods_for_class', 'get_failing_tests_covered_methods_for_class')",2
"('get_failing_tests_covered_classes', 'get_failing_tests_covered_classes', 'get_failing_tests_covered_methods_for_class', 'get_code_snippet', 'get_covered_packages')",2
"('get_failing_tests_covered_methods_for_class', 'get_code_snippet', 'get_failing_tests_covered_methods_for_class', 'get_failing_tests_covered_methods_for_class', 'get_code_snippet')",2
"('get_code_snippet', 'get_code_snippet', 'get_code_snippet', 'get_failing_tests_covered_methods_for_class', 'get_code_snippet')",2
"('get_code_snippet', 'get_failing_tests_covered_methods_for_class', 'get_failing_tests_covered_methods_for_class', 'get_code_snippet', 'get_failing_tests_covered_methods_for_class')",1
"('get_failing_tests_covered_methods_for_class', 'get_failing_tests_covered_methods_for_class', 'get_code_snippet', 'get_failing_tests_covered_methods_for_class', 'get_code_snippet')",1
"('get_failing_tests_covered_classes', 'get_failing_tests_covered_methods_for_class', 'get_code_snippet', 'get_code_snippet', 'get_failing_tests_covered_classes')",1
"('get_covered_packages', 'get_failing_tests_covered_classes', 'get_failing_tests_covered_classes', 'get_covered_packages', 'get_code_snippet')",1
"('get_failing_tests_covered_classes', 'get_failing_tests_covered_classes', 'get_covered_packages', 'get_code_snippet', 'get_failing_tests_covered_methods_for_class')",1
"('get_failing_tests_covered_classes', 'get_covered_packages', 'get_code_snippet', 'get_failing_tests_covered_methods_for_class', 'get_code_snippet')",1
"('get_covered_packages', 'get_failing_tests_covered_classes', 'get_failing_tests_covered_classes', 'get_failing_tests_covered_classes', 'get_code_snippet')",1
"('get_failing_tests_covered_classes', 'get_failing_tests_covered_methods_for_class', 'get_code_snippet', 'get_covered_packages', 'get_failing_tests_covered_classes')",1
"('get_failing_tests_covered_methods_for_class', 'get_code_snippet', 'get_covered_packages', 'get_failing_tests_covered_classes', 'get_failing_tests_covered_methods_for_class')",1
"('get_code_snippet', 'get_covered_packages', 'get_failing_tests_covered_classes', 'get_failing_tests_covered_methods_for_class', 'get_code_snippet')",1
"('get_covered_packages', 'get_failing_tests_covered_classes', 'get_failing_tests_covered_classes', 'get_failing_tests_covered_classes', 'get_failing_tests_covered_methods_for_class')",1
"('get_failing_tests_covered_classes', 'get_failing_tests_covered_classes', 'get_failing_tests_covered_classes', 'get_failing_tests_covered_methods_for_class', 'get_failing_tests_covered_classes')",1
"('get_covered_packages', 'get_covered_packages', 'get_covered_packages', 'get_covered_packages', 'get_failing_tests_covered_classes')",1
"('get_covered_packages', 'get_covered_packages', 'get_covered_packages', 'get_failing_tests_covered_classes', 'get_failing_tests_covered_classes')",1
"('get_covered_packages', 'get_failing_tests_covered_classes', 'get_covered_packages', 'get_failing_tests_covered_classes', 'get_covered_packages')",1
"('get_failing_tests_covered_classes', 'get_covered_packages', 'get_failing_tests_covered_classes', 'get_covered_packages', 'get_failing_tests_covered_classes')",1
"('get_covered_packages', 'get_failing_tests_covered_classes', 'get_covered_packages', 'get_failing_tests_covered_classes', 'get_code_snippet')",1
"('get_covered_packages', 'get_code_snippet', 'get_failing_tests_covered_methods_for_class', 'get_failing_tests_covered_methods_for_class', 'get_failing_tests_covered_methods_for_class')",1
"('get_code_snippet', 'get_failing_tests_covered_methods_for_class', 'get_failing_tests_covered_methods_for_class', 'get_failing_tests_covered_methods_for_class', 'get_failing_tests_covered_methods_for_class')",1
"('get_covered_packages', 'get_failing_tests_covered_methods_for_class', 'get_failing_tests_covered_classes', 'get_failing_tests_covered_classes', 'get_failing_tests_covered_classes')",1
"('get_failing_tests_covered_methods_for_class', 'get_failing_tests_covered_classes', 'get_failing_tests_covered_classes', 'get_failing_tests_covered_classes', 'get_failing_tests_covered_classes')",1
"('get_failing_tests_covered_classes', 'get_failing_tests_covered_classes', 'get_failing_tests_covered_classes', 'get_failing_tests_covered_classes', 'get_code_snippet')",1
"('get_failing_tests_covered_classes', 'get_failing_tests_covered_classes', 'get_failing_tests_covered_classes', 'get_code_snippet', 'get_failing_tests_covered_methods_for_class')",1
"('get_covered_packages', 'get_code_snippet', 'get_code_snippet', 'get_failing_tests_covered_methods_for_class', 'get_code_snippet')",1
"('get_code_snippet', 'get_code_snippet', 'get_failing_tests_covered_methods_for_class', 'get_code_snippet', 'get_code_snippet')",1
"('get_failing_tests_covered_classes', 'get_failing_tests_covered_methods_for_class', 'get_code_snippet', 'get_covered_packages', 'get_code_snippet')",1
"('get_covered_packages', 'get_failing_tests_covered_classes', 'get_failing_tests_covered_methods_for_class', 'get_code_snippet', 'get_failing_tests_covered_classes')",1
"('get_failing_tests_covered_classes', 'get_failing_tests_covered_methods_for_class', 'get_code_snippet', 'get_failing_tests_covered_classes', 'get_code_snippet')",1
"('get_covered_packages', 'get_failing_tests_covered_methods_for_class', 'get_covered_packages', 'get_failing_tests_covered_methods_for_class', 'get_code_snippet')",1
"('get_failing_tests_covered_classes', 'get_failing_tests_covered_classes', 'get_failing_tests_covered_classes', 'get_failing_tests_covered_classes', 'get_failing_tests_covered_classes')",1
"('get_failing_tests_covered_classes', 'get_failing_tests_covered_classes', 'get_failing_tests_covered_classes', 'get_failing_tests_covered_methods_for_class', 'get_code_snippet')",1
"('get_covered_packages', 'get_code_snippet', 'get_code_snippet', 'get_code_snippet', 'get_failing_tests_covered_methods_for_class')",1
"('get_covered_packages', 'get_code_snippet', 'get_code_snippet', 'get_failing_tests_covered_methods_for_class', 'get_failing_tests_covered_methods_for_class')",1
"('get_covered_packages', 'get_covered_packages', 'get_covered_packages', 'get_covered_packages', 'get_covered_packages')",1
"('get_covered_packages', 'get_covered_packages', 'get_covered_packages', 'get_covered_packages', 'get_code_snippet')",1
"('get_covered_packages', 'get_failing_tests_covered_classes', 'get_failing_tests_covered_methods_for_class', 'get_failing_tests_covered_classes', 'get_code_snippet')",1
"('get_code_snippet', 'get_failing_tests_covered_methods_for_class', 'get_code_snippet', 'get_failing_tests_covered_methods_for_class', 'get_failing_tests_covered_methods_for_class')",1
"('get_code_snippet', 'get_code_snippet', 'get_code_snippet', 'get_code_snippet', 'get_failing_tests_covered_methods_for_class')",1
"('get_covered_packages', 'get_covered_packages', 'get_failing_tests_covered_methods_for_class', 'get_code_snippet', 'get_failing_tests_covered_methods_for_class')",1
